Tracking Number;Status ;Scheduled delivery date ;Scheduled Delivery Time Before;Shipper name ;Shipper company ;Delivered date;Recipient contact name ;Recipient company ;Reference ;Direction 
877486309900;Delivered;;;ADMIN@SCRUBDESIGNZ.COM;SCRUB DESIGNS S.R.O.;9/30/26;LOGAN COCHRAN;;P - 16-15175-50359;Outbound
877487205996;Delivered;;;ADMIN@SCRUBDESIGNZ.COM;SCRUB DESIGNS S.R.O.;9/30/26;MICHAEL GARTNER;;P - 24-15178-19403;Outbound
877562286234;Delivered;;;ADMIN@SCRUBDESIGNZ.COM;SCRUB DESIGNS S.R.O.;9/30/26;GEORGE FILATOV;;G - 17-15164-50295;Outbound
877562288064;Delivered;;;ADMIN@SCRUBDESIGNZ.COM;SCRUB DESIGNS S.R.O.;9/28/26;ZINO RECORDS;;GFP - 01-15197-20140;Outbound
877562291954;Delivered;;;ADMIN@SCRUBDESIGNZ.COM;SCRUB DESIGNS S.R.O.;9/30/26;BRIAN TOVERA;;G - 06-15190-70816;Outbound
877616173110;Delivered;;;ADMIN@SCRUBDESIGNZ.COM;SCRUB DESIGNS S.R.O.;9/28/26;CALLUM BUXTON;;GFP - 20-15171-79646;Outbound
877625954306;Delivered;;;ADMIN@SCRUBDESIGNZ.COM;SCRUB DESIGNS S.R.O.;9/28/26;CHRIS HEYES;;GFP - 26-15155-77156;Outbound
877677521150;Delivered;;;ADMIN@SCRUBDESIGNZ.COM;SCRUB DESIGNS S.R.O.;9/30/26;LIAM UNTHANK;;GFP - 08-15200-13463;Outbound
877687014887;Delivered;;;ADMIN@SCRUBDESIGNZ.COM;SCRUB DESIGNS S.R.O.;9/30/26;DYLAN RICKWOOD;;GFP - 08-15200-42850;Outbound
877687018220;Delivered;;;ADMIN@SCRUBDESIGNZ.COM;SCRUB DESIGNS S.R.O.;9/30/26;MITCHELL TINKLER;;GFP - 17-15188-12011;Outbound
877687021363;Delivered;;;ADMIN@SCRUBDESIGNZ.COM;SCRUB DESIGNS S.R.O.;9/30/26;TECHER FREDERIC;;P - 14-15197-61975;Outbound
877687023399;Delivered;;;ADMIN@SCRUBDESIGNZ.COM;SCRUB DESIGNS S.R.O.;9/30/26;MR BRABYN;;P - 09-15206-55246;Outbound
877687030140;Delivered;;;ADMIN@SCRUBDESIGNZ.COM;SCRUB DESIGNS S.R.O.;9/30/26;SANTIAGO RESTREPO AGUDELO;;P - 2026002035;Outbound
877823137852;Delivered;;;ADMIN@SCRUBDESIGNZ.COM;SCRUB DESIGNS S.R.O.;9/30/26;TOBIAS PAUL;MOTOROOX GMBH;S - SO21626;Outbound
877823918826;Delivered;;;ADMIN@SCRUBDESIGNZ.COM;SCRUB DESIGNS S.R.O.;9/30/26;KLAUS LINHARD;;P - 12-15208-57641;Outbound
877823922483;Delivered;;;ADMIN@SCRUBDESIGNZ.COM;SCRUB DESIGNS S.R.O.;9/30/26;KARL SCHLIEBER;;P - 17-15208-05543;Outbound
877833642466;Delivered;;;ADMIN@SCRUBDESIGNZ.COM;SCRUB DESIGNS S.R.O.;9/30/26;MARTIN B?HM;;GFP - 2026002054;Outbound
877833837510;Delivered;;;ADMIN@SCRUBDESIGNZ.COM;SCRUB DESIGNS S.R.O.;9/30/26;PATRICK SCHWEITZER;;G - 26-15187-55423;Outbound
877834003274;Delivered;;;ADMIN@SCRUBDESIGNZ.COM;SCRUB DESIGNS S.R.O.;9/30/26;DILLER POWERPARTS;DILLER + SEUGLING GBR ABT. DILLER;GFP - SO21548;Outbound
877903935680;Delivered;;;admin@scrubdesignz.com;SCRUB DESIGNS s.r.o.;9/30/26;M?rio Turanovic;;G - 2026002061;Outbound
877903945121;Delivered;;;admin@scrubdesignz.com;SCRUB DESIGNS s.r.o.;9/30/26;Ing. Pavol B??ti;;G - SO21619;Outbound
792655144704;Delivered;;;BRYCE PASALICH;;9/8/26;SCRUB DESIGNS S.R.O.;;;Outbound
792663813518;Delivered;;;DILLER + SEUGLING GBR ABT.;DILLER + SEUGLING GBR ABT.;8/25/26;SCRUB DESIGNS S.R.O.;;;Outbound
792679048244;Delivered;;;ADAM WRIGHT;;9/16/26;SCRUB DESIGNS S.R.O.;;;Outbound
792683358029;Delivered;;;YAHYA ALJASSMI;;9/16/26;SCRUB DESIGNS S.R.O.;;;Outbound
792726508883;Delivered;;;LUKAS OHL;;9/14/26;SCRUB DESIGNS S.R.O.;;882946049066;Outbound
875766311800;Delivered;;;VILLANUEVA FABIEN;;8/21/26;SCRUB DESIGNS S.R.O.;;882887749292;Outbound
877064326403;Delivered;;;ADMIN@SCRUBDESIGNZ.COM;SCRUB DESIGNS S.R.O.;9/24/26;FRANCISCO SERINI;;P - 02-15165-81821;Outbound
877154611640;Delivered;;;ADMIN@SCRUBDESIGNZ.COM;SCRUB DESIGNS S.R.O.;9/28/26;DANY JACQUES;;P - 06-15166-67263;Outbound
877287174553;Delivered;;;ADMIN@SCRUBDESIGNZ.COM;SCRUB DESIGNS S.R.O.;9/29/26;CASEY SCHIRMER;;TFPS - 16-15161-55200;Outbound
877337460987;Delivered;;;ADMIN@SCRUBDESIGNZ.COM;SCRUB DESIGNS S.R.O.;9/28/26;ALEXANDROS ARAOUZOS;;P - 2026001959;Outbound
877345299122;Delivered;;;ADMIN@SCRUBDESIGNZ.COM;SCRUB DESIGNS S.R.O.;9/28/26;HASAN MESRI;;GFP - SO21393;Outbound
877345352035;Delivered;;;ADMIN@SCRUBDESIGNZ.COM;SCRUB DESIGNS S.R.O.;9/29/26;JOSUE PADILLA;;P - 11-15165-81639;Outbound
877346446749;Delivered;;;ADMIN@SCRUBDESIGNZ.COM;SCRUB DESIGNS S.R.O.;9/28/26;VASILIS ZACHARIOU;;G - 2026001870;Outbound
877398662211;Delivered;;;ADMIN@SCRUBDESIGNZ.COM;SCRUB DESIGNS S.R.O.;9/28/26;CAROLANNE POIRIER;;P - 22-15159-36673;Outbound
877405599900;Delivered;;;ADMIN@SCRUBDESIGNZ.COM;SCRUB DESIGNS S.R.O.;9/28/26;IGOR GARISTOV;;GFP - 2026001895;Outbound
877405600675;Delivered;;;ADMIN@SCRUBDESIGNZ.COM;SCRUB DESIGNS S.R.O.;9/28/26;HASAN MESRI;;GFPS - SO21364;Outbound
877406135216;Delivered;;;ADMIN@SCRUBDESIGNZ.COM;SCRUB DESIGNS S.R.O.;9/28/26;KEVIN LUGO;;P - 11-15176-65330;Outbound
877406330551;Delivered;;;ADMIN@SCRUBDESIGNZ.COM;SCRUB DESIGNS S.R.O.;9/28/26;CHRISTIAN MEREU;;G - 08-15172-47757;Outbound
877406335998;Delivered;;;ADMIN@SCRUBDESIGNZ.COM;SCRUB DESIGNS S.R.O.;9/29/26;JOSE RICARDO PI?A SOLIS;;S - 08-15170-67816;Outbound
877407251347;Delivered;;;ADMIN@SCRUBDESIGNZ.COM;SCRUB DESIGNS S.R.O.;9/28/26;JUSTIN TAYLOR;;G - 03-14919-44805-W1;Outbound
877486309623;Delivered;;;ADMIN@SCRUBDESIGNZ.COM;SCRUB DESIGNS S.R.O.;9/28/26;ARTUR MARGULIS;;P - 01-15206-92049;Outbound
877486312550;Delivered;;;ADMIN@SCRUBDESIGNZ.COM;SCRUB DESIGNS S.R.O.;9/28/26;JED CASSIDY;;P - 10-15185-55124;Outbound
877486323259;Delivered;;;ADMIN@SCRUBDESIGNZ.COM;SCRUB DESIGNS S.R.O.;9/28/26;AHMET ELIGOUR;;P - 17-15170-34530;Outbound
877487201350;Delivered;;;ADMIN@SCRUBDESIGNZ.COM;SCRUB DESIGNS S.R.O.;9/29/26;BLAKE CHALMERS;;P - 19-15173-58650;Outbound
877487203136;Delivered;;;ADMIN@SCRUBDESIGNZ.COM;SCRUB DESIGNS S.R.O.;9/28/26;CHARRON PIERRE CEDENO;;P - 20-15171-51416;Outbound
877487205106;Delivered;;;ADMIN@SCRUBDESIGNZ.COM;SCRUB DESIGNS S.R.O.;9/28/26;GREG DAVIDSON;;P - 04-15200-55801;Outbound
877494660845;Delivered;;;ADMIN@SCRUBDESIGNZ.COM;SCRUB DESIGNS S.R.O.;9/28/26;VESELIN MARINOV;;GFP - 15-15152-71756;Outbound
877494834740;Delivered;;;ADMIN@SCRUBDESIGNZ.COM;SCRUB DESIGNS S.R.O.;9/29/26;ALBIN QUILES(SUP ERICOB);;P - 08-15196-28890;Outbound
877494836662;Delivered;;;ADMIN@SCRUBDESIGNZ.COM;SCRUB DESIGNS S.R.O.;9/28/26;MATTHEW MCCREATH;;GFPS - 20-15174-13158;Outbound
877552586562;Delivered;;;ADMIN@SCRUBDESIGNZ.COM;SCRUB DESIGNS S.R.O.;9/28/26;FRANCISCO GOUVEIA;;GFPS - 2026001920;Outbound
877552586600;Delivered;;;ADMIN@SCRUBDESIGNZ.COM;SCRUB DESIGNS S.R.O.;9/28/26;YVAN FAVEY;;GFPS - 2026001904;Outbound
877552734593;Delivered;;;ADMIN@SCRUBDESIGNZ.COM;SCRUB DESIGNS S.R.O.;9/28/26;SAMI KADDAH;;P - 2026001981;Outbound
877552735020;Delivered;;;ADMIN@SCRUBDESIGNZ.COM;SCRUB DESIGNS S.R.O.;9/28/26;MARTIN OHLSON;;GFP - 16-15175-93165;Outbound
877552737927;Delivered;;;ADMIN@SCRUBDESIGNZ.COM;SCRUB DESIGNS S.R.O.;9/28/26;TAYLOR SINCLAIR;;GFP - SO21568;Outbound
877552738257;Delivered;;;ADMIN@SCRUBDESIGNZ.COM;SCRUB DESIGNS S.R.O.;9/28/26;GARY PINZANI;GF LIFT HYDRAULICS LTD;GFP - 2026001967;Outbound
877552739530;Delivered;;;ADMIN@SCRUBDESIGNZ.COM;SCRUB DESIGNS S.R.O.;9/28/26;LANDYN KRISTEK;;GFP - 2026001970;Outbound
877552743360;Delivered;;;ADMIN@SCRUBDESIGNZ.COM;SCRUB DESIGNS S.R.O.;9/28/26;MINDY VANDERWAAL;;GFP - 184528;Outbound
877552744995;Delivered;;;ADMIN@SCRUBDESIGNZ.COM;SCRUB DESIGNS S.R.O.;9/28/26;KIMBERLEY HARRISON;;P - 03-15210-01503;Outbound
877552745260;Delivered;;;ADMIN@SCRUBDESIGNZ.COM;SCRUB DESIGNS S.R.O.;9/28/26;JACK TAYLOR;;P - 09-15198-88191;Outbound
877554267918;Delivered;;;ADMIN@SCRUBDESIGNZ.COM;SCRUB DESIGNS S.R.O.;9/28/26;VICTOR CROUZEL;;G - 2026001980;Outbound
877554277367;Delivered;;;ADMIN@SCRUBDESIGNZ.COM;SCRUB DESIGNS S.R.O.;9/28/26;ANDREW COOPER;;GS - 2026001947;Outbound
877554278455;Delivered;;;ADMIN@SCRUBDESIGNZ.COM;SCRUB DESIGNS S.R.O.;9/28/26;LEVI ROBINSON;;G - 11-15130-59130-C1;Outbound
877554280981;Delivered;;;ADMIN@SCRUBDESIGNZ.COM;SCRUB DESIGNS S.R.O.;9/29/26;RAY NIDISH;;GS - SO21431;Outbound
877554282631;Delivered;;;ADMIN@SCRUBDESIGNZ.COM;SCRUB DESIGNS S.R.O.;9/26/26;PAUL GILLESPIE;;GFP - 03-15037-79879-C1;Outbound
877554290743;Delivered;;;ADMIN@SCRUBDESIGNZ.COM;SCRUB DESIGNS S.R.O.;9/28/26;CLAUDIA SOLORIO;;P - 03-15211-49694;Outbound
877554293260;Delivered;;;ADMIN@SCRUBDESIGNZ.COM;SCRUB DESIGNS S.R.O.;9/28/26;ELIZABETH VINE;;P - 07-15201-73613;Outbound
877561040208;Delivered;;;ADMIN@SCRUBDESIGNZ.COM;SCRUB DESIGNS S.R.O.;9/28/26;PABLO GALLEGO;;GFP - 11-15173-11262;Outbound
877561043961;Delivered;;;ADMIN@SCRUBDESIGNZ.COM;SCRUB DESIGNS S.R.O.;9/29/26;LARRY FISHER;;P - 10-15190-77074;Outbound
877561044604;Delivered;;;ADMIN@SCRUBDESIGNZ.COM;SCRUB DESIGNS S.R.O.;9/28/26;RINO CADUFF;;GFP - 2026001969;Outbound
877561046581;Delivered;;;ADMIN@SCRUBDESIGNZ.COM;SCRUB DESIGNS S.R.O.;9/26/26;PORTER CURTIS;;P - 16-15187-73648;Outbound
877562269871;Delivered;;;ADMIN@SCRUBDESIGNZ.COM;SCRUB DESIGNS S.R.O.;9/29/26;JUKKA SET?L?;;G - 14-15171-97057;Outbound
877562276141;Delivered;;;ADMIN@SCRUBDESIGNZ.COM;SCRUB DESIGNS S.R.O.;9/29/26;MIODRAG KESAR;;S - 2026001984;Outbound
877562276428;Delivered;;;ADMIN@SCRUBDESIGNZ.COM;SCRUB DESIGNS S.R.O.;9/28/26;MIGUEL ANGEL TIRADO DIAZ;;G - 2026001998;Outbound
877562280637;Delivered;;;ADMIN@SCRUBDESIGNZ.COM;SCRUB DESIGNS S.R.O.;9/28/26;TONY DONNELLY;;G - 07-15190-18651;Outbound
877562281688;Delivered;;;ADMIN@SCRUBDESIGNZ.COM;SCRUB DESIGNS S.R.O.;9/29/26;TUUKKA LYYTIK?INEN;;G - 2026002016;Outbound
877562283853;Delivered;;;ADMIN@SCRUBDESIGNZ.COM;SCRUB DESIGNS S.R.O.;9/28/26;MUBASHIR MULLA;;G - 2026001945;Outbound
877562286164;Delivered;;;ADMIN@SCRUBDESIGNZ.COM;SCRUB DESIGNS S.R.O.;9/28/26;EMANUEL AREGGER;;G - 2026001961;Outbound
877562288502;Delivered;;;ADMIN@SCRUBDESIGNZ.COM;SCRUB DESIGNS S.R.O.;9/29/26;HJALTI MAR BJARNASON VATNSVIRKINN;;GP - 2026001990;Outbound
877562290498;Delivered;;;ADMIN@SCRUBDESIGNZ.COM;SCRUB DESIGNS S.R.O.;9/26/26;DAVID TURNBULL;;G - 27-15161-65206;Outbound
877562292836;Delivered;;;ADMIN@SCRUBDESIGNZ.COM;SCRUB DESIGNS S.R.O.;9/28/26;GUY GREGORY;;G - 185063;Outbound
877562507415;Delivered;;;ADMIN@SCRUBDESIGNZ.COM;SCRUB DESIGNS S.R.O.;9/29/26;ANDRES BONILLA;;G - 26-15154-77992;Outbound
877616171699;Delivered;;;ADMIN@SCRUBDESIGNZ.COM;SCRUB DESIGNS S.R.O.;9/28/26;ALHARITH ALMOOSA;;GFP - 02-15205-77052;Outbound
877616173154;Delivered;;;ADMIN@SCRUBDESIGNZ.COM;SCRUB DESIGNS S.R.O.;9/28/26;JOHN GREGORY;;GFP - 23-15164-09694;Outbound
877616173831;Delivered;;;ADMIN@SCRUBDESIGNZ.COM;SCRUB DESIGNS S.R.O.;9/29/26;MARIO VALDEZ;;P - 19-15181-71222;Outbound
877616174367;Delivered;;;ADMIN@SCRUBDESIGNZ.COM;SCRUB DESIGNS S.R.O.;9/28/26;GRANT COWEN;;P - SO21622;Outbound
877617350085;Delivered;;;ADMIN@SCRUBDESIGNZ.COM;SCRUB DESIGNS S.R.O.;9/28/26;ANTHONY WARD;;G - 13-15184-30361;Outbound
877617351130;Delivered;;;ADMIN@SCRUBDESIGNZ.COM;SCRUB DESIGNS S.R.O.;9/29/26;JUAN ALFONSO RUIZ AMADOR;;G - 2026001985;Outbound
877617354036;Delivered;;;ADMIN@SCRUBDESIGNZ.COM;SCRUB DESIGNS S.R.O.;9/28/26;FEDERICO DRAGHI;;G - 2026001988;Outbound
877617422445;Delivered;;;ADMIN@SCRUBDESIGNZ.COM;SCRUB DESIGNS S.R.O.;9/28/26;GAVIN STONE;;GFP - 23-15166-63340;Outbound
877617422592;Delivered;;;ADMIN@SCRUBDESIGNZ.COM;SCRUB DESIGNS S.R.O.;9/29/26;TOM JEN;;GFP - 09-15189-27794;Outbound
877617424702;Delivered;;;ADMIN@SCRUBDESIGNZ.COM;SCRUB DESIGNS S.R.O.;9/28/26;JEREMY GUEVARA;;P - 03-15215-00702;Outbound
877617424963;Delivered;;;ADMIN@SCRUBDESIGNZ.COM;SCRUB DESIGNS S.R.O.;9/29/26;AXIEL SANTIAGO;;P - 06-15209-41673;Outbound
877617425797;Delivered;;;ADMIN@SCRUBDESIGNZ.COM;SCRUB DESIGNS S.R.O.;9/29/26;KENNY RODR?GUEZ GONZALEZ;;P - 26-15170-48352;Outbound
877625952704;Delivered;;;ADMIN@SCRUBDESIGNZ.COM;SCRUB DESIGNS S.R.O.;9/28/26;FAISAL ALMAAZMI;;GFP - 2026001966;Outbound
877625956136;Delivered;;;ADMIN@SCRUBDESIGNZ.COM;SCRUB DESIGNS S.R.O.;9/28/26;GEORGE LUCAS;;GFP - 26-15153-54102;Outbound
877625956386;Delivered;;;ADMIN@SCRUBDESIGNZ.COM;SCRUB DESIGNS S.R.O.;9/28/26;ROBERT MANN;;GFP - 12-15192-32240;Outbound
877625957290;Delivered;;;ADMIN@SCRUBDESIGNZ.COM;SCRUB DESIGNS S.R.O.;9/28/26;VINCE DURAN;;GFP - 19-15185-02268;Outbound
877625959433;Delivered;;;ADMIN@SCRUBDESIGNZ.COM;SCRUB DESIGNS S.R.O.;9/29/26;ADAM LOYA;;GFP - 17-15188-35463;Outbound
877625961823;Delivered;;;ADMIN@SCRUBDESIGNZ.COM;SCRUB DESIGNS S.R.O.;9/29/26;DYLAN DOYLE;;GFP - 06-15194-80242;Outbound
877626724771;Delivered;;;ADMIN@SCRUBDESIGNZ.COM;SCRUB DESIGNS S.R.O.;9/28/26;JOHANNES STRILLINGER;;GS - SO19785;Outbound
877626728928;Delivered;;;ADMIN@SCRUBDESIGNZ.COM;SCRUB DESIGNS S.R.O.;9/29/26;PJ SHORTT;;G - 06-15194-89535;Outbound
877626730582;Delivered;;;ADMIN@SCRUBDESIGNZ.COM;SCRUB DESIGNS S.R.O.;9/29/26;ZACHARIAS SAFOS;;G - 21-15176-60733;Outbound
877626733272;Delivered;;;ADMIN@SCRUBDESIGNZ.COM;SCRUB DESIGNS S.R.O.;9/28/26;JOHN GREGORY;;S - 09-15201-67251;Outbound
877677517650;Delivered;;;ADMIN@SCRUBDESIGNZ.COM;SCRUB DESIGNS S.R.O.;9/28/26;CHRISTOPHER WRIGHT;;GFP - 08-15195-39206;Outbound
877678584871;Delivered;;;ADMIN@SCRUBDESIGNZ.COM;SCRUB DESIGNS S.R.O.;9/28/26;MATTHEW GOODRICH;;G - 2026002026;Outbound
877678585889;Delivered;;;ADMIN@SCRUBDESIGNZ.COM;SCRUB DESIGNS S.R.O.;9/29/26;FEDERICO  ONOFRI;;GS - 2026002017;Outbound
877678586186;Delivered;;;ADMIN@SCRUBDESIGNZ.COM;SCRUB DESIGNS S.R.O.;9/28/26;CRISTIAN FARA;;G - 2026002012;Outbound
877678588899;Delivered;;;ADMIN@SCRUBDESIGNZ.COM;SCRUB DESIGNS S.R.O.;9/28/26;TIM PFADENHAUER;;G - SO21582;Outbound
877678590384;Delivered;;;ADMIN@SCRUBDESIGNZ.COM;SCRUB DESIGNS S.R.O.;9/28/26;KALLE DIBOWSKY;;S - 08-15208-33958;Outbound
877680453067;Delivered;;;ADMIN@SCRUBDESIGNZ.COM;SCRUB DESIGNS S.R.O.;9/28/26;OLIVIER GORIS;;P - 2026001882;Outbound
877687008962;Delivered;;;ADMIN@SCRUBDESIGNZ.COM;SCRUB DESIGNS S.R.O.;9/28/26;TOBIN GAMMONS;;P - 184327;Outbound
877687015552;Delivered;;;ADMIN@SCRUBDESIGNZ.COM;SCRUB DESIGNS S.R.O.;9/28/26;TODD DE;;P - 08-15199-28485;Outbound
877687020415;Delivered;;;ADMIN@SCRUBDESIGNZ.COM;SCRUB DESIGNS S.R.O.;9/29/26;MOHAMED GHERBAL;;P - 03-15218-53304;Outbound
877687024524;Delivered;;;ADMIN@SCRUBDESIGNZ.COM;SCRUB DESIGNS S.R.O.;9/28/26;ZOBDA FRANCE;;P - 2026001946;Outbound
877687025450;Delivered;;;ADMIN@SCRUBDESIGNZ.COM;SCRUB DESIGNS S.R.O.;9/28/26;DILLER POWERPARTS;DILLER + SEUGLING GBR ABT. DILLER;GFPT - SO21529;Outbound
877687026229;Delivered;;;ADMIN@SCRUBDESIGNZ.COM;SCRUB DESIGNS S.R.O.;9/28/26;PATRICK HUTTARSCH;;GFP - 16-15187-77556;Outbound
877687029401;Delivered;;;ADMIN@SCRUBDESIGNZ.COM;SCRUB DESIGNS S.R.O.;9/28/26;DIETMAR FICKERT;;GFP - SO21617;Outbound
877687031993;Delivered;;;ADMIN@SCRUBDESIGNZ.COM;SCRUB DESIGNS S.R.O.;9/28/26;JOHANNES SANDER;;P - 18-15189-76856;Outbound
877687135822;Delivered;;;ADMIN@SCRUBDESIGNZ.COM;SCRUB DESIGNS S.R.O.;9/28/26;ANTONIO MASIC;;G - 08-15201-03442;Outbound
877687139026;Delivered;;;ADMIN@SCRUBDESIGNZ.COM;SCRUB DESIGNS S.R.O.;9/28/26;GUIDO GROSSERT;;G - Order 403253;Outbound
877687139118;Delivered;;;ADMIN@SCRUBDESIGNZ.COM;SCRUB DESIGNS S.R.O.;9/28/26;RKA POTSDAM;;G - 2026002034;Outbound
877687142397;Delivered;;;ADMIN@SCRUBDESIGNZ.COM;SCRUB DESIGNS S.R.O.;9/28/26;SEBASTIAN KAISER;;G - SO21183;Outbound
877687146705;Delivered;;;ADMIN@SCRUBDESIGNZ.COM;SCRUB DESIGNS S.R.O.;9/29/26;JAXON MILLET;;G - 184737;Outbound
877687148730;Delivered;;;ADMIN@SCRUBDESIGNZ.COM;SCRUB DESIGNS S.R.O.;9/28/26;MARTIN KRYJOM;;G - SO21621;Outbound
877687154909;Delivered;;;ADMIN@SCRUBDESIGNZ.COM;SCRUB DESIGNS S.R.O.;9/29/26;MICHAEL COSTELLO;;G - 19-15188-49768;Outbound
877688020260;Delivered;;;ADMIN@SCRUBDESIGNZ.COM;SCRUB DESIGNS S.R.O.;9/28/26;PIETRO VIOLANI;;GFP - 03-15200-83893;Outbound
877736417812;Delivered;;;ADMIN@SCRUBDESIGNZ.COM;SCRUB DESIGNS S.R.O.;9/29/26;DOMINIK SZLAGOWSKI;;GFP - 16-15191-97060;Outbound
877736418017;Delivered;;;ADMIN@SCRUBDESIGNZ.COM;SCRUB DESIGNS S.R.O.;9/29/26;TOM COLING;;GFP - 04-15212-45478;Outbound
877737571407;Delivered;;;ADMIN@SCRUBDESIGNZ.COM;SCRUB DESIGNS S.R.O.;9/29/26;SVEN BACHMANN;;G - SO21625;Outbound
877737573546;Delivered;;;ADMIN@SCRUBDESIGNZ.COM;SCRUB DESIGNS S.R.O.;9/29/26;MIROSLAV HRIBA;MIROSLAV HRIBA;GS - 2026002047;Outbound
877744425381;Delivered;;;ADMIN@SCRUBDESIGNZ.COM;SCRUB DESIGNS S.R.O.;9/29/26;ALBERT PASNICKI;;S - 2026002042;Outbound
877744427215;Delivered;;;ADMIN@SCRUBDESIGNZ.COM;SCRUB DESIGNS S.R.O.;9/29/26;DANIEL VA?KEBA;;G - SO21604;Outbound
877744428851;Delivered;;;ADMIN@SCRUBDESIGNZ.COM;SCRUB DESIGNS S.R.O.;9/29/26;MARKUS WILL;;G - SO21472;Outbound
877744430440;Delivered;;;ADMIN@SCRUBDESIGNZ.COM;SCRUB DESIGNS S.R.O.;9/28/26;MICHAEL WELLH?FFER;;S - 2026002056;Outbound
877744430895;Delivered;;;ADMIN@SCRUBDESIGNZ.COM;SCRUB DESIGNS S.R.O.;9/29/26;ROBERT BUCHHOLZ;;S - 12-15206-13853;Outbound
877744709122;Delivered;;;ADMIN@SCRUBDESIGNZ.COM;SCRUB DESIGNS S.R.O.;9/29/26;ANITA SOBECKI;;GFP - 01-15219-40971;Outbound
877744710012;Delivered;;;ADMIN@SCRUBDESIGNZ.COM;SCRUB DESIGNS S.R.O.;9/29/26;DILLER POWERPARTS;DILLER + SEUGLING GBR ABT. DILLER;GFPS - SO21597;Outbound
877744710630;Delivered;;;ADMIN@SCRUBDESIGNZ.COM;SCRUB DESIGNS S.R.O.;9/29/26;ALJA? BREMEC;;P - 2026002049;Outbound
877744712791;Delivered;;;admin@scrubdesignz.com;SCRUB DESIGNS s.r.o.;9/28/26;Martin Horn?k;;GFP - 2026002023;Outbound
877823137944;Delivered;;;ADMIN@SCRUBDESIGNZ.COM;SCRUB DESIGNS S.R.O.;9/29/26;KAREL CHALUPN?K;;G - SO21641;Outbound
877833638794;Delivered;;;admin@scrubdesignz.com;SCRUB DESIGNS s.r.o.;9/29/26;Patrik Handlovsky;;P - SO21636-R1;Outbound
877833835621;Delivered;;;ADMIN@SCRUBDESIGNZ.COM;SCRUB DESIGNS S.R.O.;9/29/26;LUKAS KR?PFL;;GS - 2026002024;Outbound
877833841903;Delivered;;;admin@scrubdesignz.com;SCRUB DESIGNS s.r.o.;9/29/26;Lubo? Jano?ka;;G - SO21648-1;Outbound
